{"Female": 0.6518354713916772, "Front": 0.15446113049983984, "Side": 0.605089199542999, "Back": 0.15145018696784973, "Hat": 0.20116926357150067, "Glasses": 0.6036618202924728, "HandBag": 0.24986524879932404, "ShoulderBag": 0.3049745634198189, "Backpack": 0.6014178514480581, "HoldObjectsInFront": 0.15692438632249747, "ShortSleeve": 0.5800062805414192, "LongSleeve": 0.41289674937725024, "UpperStride": 0.06090719997882847, "UpperLogo": 0.31058581471443164, "UpperPlaid": 0.5561769932508465, "UpperSplice": 0.10253829509019734, "LowerStripe": 0.21612913459539376, "LowerPattern": 0.10382222384214401, "LongCoat": 0.2107777804136281, "Trousers": 0.5678341150283803, "Shorts": 0.6077743768692005, "Skirt&Dress": 0.31849762946367244, "boots": 0.0762958899140358}