{"Female": 0.5528319478034954, "Front": 0.2571992576122284, "Side": 0.5035741090774536, "Back": 0.24609788283705725, "Hat": 0.2761788666248324, "Glasses": 0.33245230466127396, "HandBag": 0.25033074617385853, "ShoulderBag": 0.3116814941167831, "Backpack": 0.7648968249559402, "HoldObjectsInFront": 0.06162059083580967, "ShortSleeve": 0.6079114824533455, "LongSleeve": 0.39897790253162213, "UpperStride": 0.15991453379392628, "UpperLogo": 0.7970478147268295, "UpperPlaid": 0.6303173124790191, "UpperSplice": 0.4228844135999662, "LowerStripe": 0.013422993011772633, "LowerPattern": 0.054294697567820585, "LongCoat": 0.19916860535740835, "Trousers": 0.7116166234016417, "Shorts": 0.5016711950302122, "Skirt&Dress": 0.3526424646377562, "boots": 0.07952678427100186}